index;minor_max;minor_min;minor_mean
4;16.5;8.1;12.577666666666667
5;15.2;9.0;11.058637873754153
6;14.8;7.7;10.651827242524917
7;16.0;8.0;10.954568106312292
8;16.9;8.6;11.398006644518272
9;17.4;9.0;12.384966777408637
10;17.9;10.0;13.45672757475083
11;17.6;9.8;13.67607973421927
12;16.9;8.8;12.34750830564784
13;15.6;7.9;11.416445182724253
14;14.2;8.2;10.974750830564783
15;13.6;7.7;10.119102990033223
16;13.0;8.4;10.280398671096345
17;14.9;8.6;10.482475083056478
18;14.6;8.0;11.386295681063123
19;16.3;8.6;11.963372093023256
20;16.0;8.0;11.400249169435217
21;16.4;8.3;11.52765780730897
22;15.6;8.7;11.67782392026578
23;15.5;7.8;11.34468438538206
24;13.4;7.9;9.938953488372093
25;10.9;7.7;8.97749169435216
26;10.9;7.6;9.172674418604652
27;12.3;7.2;9.415448504983388
28;13.7;7.7;9.889202657807308
29;15.7;7.6;10.55
30;16.7;9.3;11.922674418604652
31;16.9;8.6;13.084634551495016
32;16.3;9.0;12.592691029900331
33;16.5;8.4;11.928073089700996
34;14.7;8.5;11.423837209302325
35;15.1;9.1;11.298421926910299
36;13.4;8.4;11.233471760797341
37;13.3;7.3;10.866611295681063
38;13.9;8.1;10.180066445182725
39;15.7;7.7;10.675
40;15.7;8.6;12.025083056478405
41;17.2;9.3;12.542774086378737
42;16.0;8.4;12.081312292358804
43;14.0;7.6;10.341860465116278
44;12.8;7.8;9.98455149501661
45;12.5;7.2;9.659136212624585
46;13.6;8.1;9.758222591362125
47;14.9;8.6;10.340697674418605
48;16.0;8.4;11.19858803986711
49;16.3;8.4;12.59750830564784
50;16.9;9.5;13.20531561461794
51;16.8;9.5;13.083637873754153
52;17.3;9.7;12.934468438538206
53;17.0;9.3;12.985797342192692
54;15.6;8.5;11.75390365448505
55;14.4;7.6;10.85
56;12.4;7.9;9.97765780730897
57;12.0;7.5;9.74966777408638
58;13.6;7.8;9.842691029900331
59;15.0;6.5;9.85249169435216
60;16.4;7.3;11.171594684385383
61;16.4;9.2;12.419019933554818
62;16.0;10.0;13.03189368770764
63;16.3;10.5;13.135880398671096
64;15.3;10.2;12.473837209302326
65;13.1;9.3;11.540199335548174
66;11.8;9.0;10.806063122923588
67;12.9;8.7;10.622425249169435
68;14.6;8.4;10.633222591362125
69;15.8;9.0;11.707308970099668
70;16.5;10.6;12.999169435215947
71;16.8;11.0;13.621179401993356
72;16.8;12.2;14.67250830564784
73;17.2;13.3;15.17375415282392
74;18.5;10.0;15.327408637873754
75;17.8;9.2;14.340946843853821
76;15.2;8.8;11.930980066445183
77;13.1;8.9;10.850083056478406
78;13.1;9.2;10.67142857142857
79;15.1;9.2;10.801910299003323
80;15.1;10.2;12.088205980066444
81;15.9;9.9;12.807308970099667
82;15.8;9.7;12.670514950166114
83;15.4;8.7;12.158554817275748
84;15.5;7.9;11.278737541528239
85;14.9;7.5;10.551993355481727
86;12.8;6.9;9.869019933554817
87;13.6;8.4;10.26029900332226
88;15.0;8.5;10.987209302325581
89;14.7;9.2;11.632973421926911
90;16.4;8.7;12.196262458471761
91;15.5;8.4;12.267940199335548
92;16.3;9.2;12.80689368770764
93;15.7;9.2;12.301495016611296
94;15.9;9.0;12.425166112956811
95;16.4;7.6;12.241860465116279
96;15.0;8.2;11.255647840531562
97;13.4;7.9;10.497342192691029
98;14.3;8.2;10.595764119601329
99;13.9;8.2;11.02093023255814
100;14.2;7.9;10.568189368770764
101;14.8;7.6;10.506063122923589
102;15.4;7.8;10.893770764119601
103;16.5;9.0;11.830647840531562
104;16.2;8.1;12.070431893687708
105;14.7;7.5;11.058056478405316
106;13.4;6.9;10.056063122923588
107;12.9;7.0;10.000581395348837
108;13.2;8.1;10.706644518272425
109;13.1;8.7;11.296843853820597
110;14.8;8.8;11.023754152823921
111;16.9;8.7;11.302076411960133
112;16.8;8.4;12.609717607973423
113;18.4;9.3;13.425747508305648
114;17.6;9.7;12.830232558139535
115;16.4;8.8;12.05764119601329
116;14.7;8.0;11.029152823920265
117;12.6;8.0;9.936378737541528
118;11.4;7.9;9.434468438538206
119;13.2;7.6;9.411378737541527
120;13.4;7.7;9.820681063122924
121;14.1;7.9;10.43720930232558
122;15.9;8.5;11.743355481727574
123;16.6;8.7;11.997508305647841
124;15.4;8.2;11.520847176079734
125;15.1;7.6;11.092524916943521
126;13.6;7.5;10.206810631229235
127;12.5;7.4;9.701162790697675
128;12.6;8.2;10.163704318936878
129;13.1;7.5;10.824916943521595
130;13.8;7.5;10.409883720930232
131;15.6;6.8;10.418770764119602
132;15.4;7.4;11.226578073089701
133;15.8;8.8;11.739119601328904
134;16.4;8.9;12.05124584717608
135;16.5;8.7;11.845348837209302
136;16.8;8.9;11.830730897009968
137;15.3;7.1;11.604152823920266
138;14.9;7.7;11.055232558139535
139;14.0;7.1;10.56010101010101
